Year;Day;Date;Number_1;Number_2;Number_3;Number_4;Number_5;Number_6;Bonus_Ball;Jackpot;Outcome
2026;Saturday;18 April 2026;21;38;43;56;57;58;53;R22,308,590.70;Won
2026;Wednesday;15 April 2026;6;14;17;27;42;55;34;R21,000,000;Roll
2026;Saturday;11 April 2026;3;22;23;31;33;36;45;R20,000,000;Roll
2026;Wednesday;8 April 2026;9;10;33;36;37;47;50;R19,000,000;Roll
2026;Saturday;4 April 2026;15;20;24;33;44;56;27;R18,000,000;Roll
2026;Wednesday;1 April 2026;4;7;10;49;51;55;18;R17,000,000;Roll
2026;Saturday;28 March 2026;4;6;9;13;30;41;46;R16,000,000;Roll
2026;Wednesday;25 March 2026;3;12;24;33;37;54;6;R15,500,000;Roll
2026;Saturday;21 March 2026;10;22;24;29;37;42;4;R14,500,000;Roll
2026;Wednesday;18 March 2026;4;17;24;40;41;51;58;R13,500,000;Roll
2026;Saturday;14 March 2026;8;10;25;26;37;53;14;R12,500,000;Roll
2026;Wednesday;11 March 2026;3;8;13;24;28;51;32;R12,000,000;Roll
2026;Saturday;7 March 2026;1;13;24;32;46;48;12;R11,000,000;Roll
2026;Wednesday;4 March 2026;29;34;35;37;41;50;43;R10,000,000;Roll
2026;Saturday;28 February 2026;4;5;8;16;18;56;44;R9,000,000;Roll
2026;Wednesday;25 February 2026;4;12;26;29;32;35;25;R8,000,000;Roll
2026;Saturday;21 February 2026;2;26;41;46;51;53;25;R7,000,000;Roll
2026;Wednesday;18 February 2026;1;11;15;17;20;47;33;R6,500,000;Roll
2026;Saturday;14 February 2026;4;16;19;39;45;46;32;R6,000,000;Roll
2026;Wednesday;11 February 2026;2;8;34;38;57;58;25;R5,000,000;Roll
2026;Saturday;7 February 2026;1;5;8;18;24;39;20;R4,000,000;Roll
2026;Wednesday;4 February 2026;2;17;36;41;46;52;19;R3,000,000;Roll
2026;Saturday;31 January 2026;11;19;30;31;52;56;34;R2,500,000;Roll
2026;Wednesday;28 January 2026;21;22;23;50;55;58;1;R1,500,000;Roll
2026;Saturday;24 January 2026;9;21;25;27;29;36;50;R500,000;Roll
2026;Wednesday;21 January 2026;3;13;18;21;24;25;9;R2,175,793.30;Won
2026;Saturday;17 January 2026;12;13;22;23;27;56;34;R1,000,000;Roll
2026;Wednesday;14 January 2026;2;10;15;18;38;52;58;R500,000;Roll
2026;Saturday;10 January 2026;5;10;13;32;41;56;14;R12,697,523.20;Won
2026;Wednesday;7 January 2026;2;6;20;24;38;44;17;R11,500,000;Roll
2026;Saturday;3 January 2026;4;8;27;33;34;57;48;R11,000,000;Roll
2025;Wednesday;31 December 2025;21;30;38;46;47;48;13;R10,000,000;Roll
2025;Saturday;27 December 2025;8;10;19;22;31;52;35;R9,000,000;Roll
2025;Wednesday;24 December 2025;6;26;31;37;52;57;14;R8,000,000;Roll
2025;Saturday;20 December 2025;8;11;20;23;37;43;6;R7,000,000;Roll
2025;Wednesday;17 December 2025;9;11;21;28;42;52;53;R6,000,000;Roll
2025;Saturday;13 December 2025;25;27;31;51;53;58;4;R5,500,000;Roll
2025;Wednesday;10 December 2025;19;21;30;33;46;47;18;R5,000,000;Roll
2025;Saturday;6 December 2025;20;21;35;39;42;57;13;R4,000,000;Roll
2025;Wednesday;3 December 2025;7;13;14;32;36;46;52;R3,000,000;Roll
2025;Saturday;29 November 2025;9;17;30;36;46;57;24;R2,000,000;Roll
2025;Wednesday;26 November 2025;14;23;25;32;40;57;54;R1,000,000;Roll
2025;Saturday;22 November 2025;10;27;44;46;47;48;36;R1,000,000;Roll
2025;Wednesday;19 November 2025;3;10;19;42;49;50;18;R13,813,341.40;Won
2025;Saturday;15 November 2025;4;16;27;28;34;56;7;R16,000,000;Roll
2025;Wednesday;12 November 2025;6;9;19;25;33;49;41;R15,000,000;Roll
2025;Saturday;8 November 2025;17;28;36;40;44;47;2;R14,000,000;Roll
2025;Wednesday;5 November 2025;13;15;16;34;56;57;50;R13,000,000;Roll
2025;Saturday;1 November 2025;11;20;22;28;36;45;1;R12,000,000;Roll
2025;Wednesday;29 October 2025;17;32;42;53;54;56;40;R11,000,000;Roll
2025;Saturday;25 October 2025;11;16;29;35;38;39;13;R10,000,000;Roll
2025;Wednesday;22 October 2025;4;20;23;36;47;57;11;R9,000,000;Roll
2025;Saturday;18 October 2025;7;27;32;33;57;58;1;R8,000,000;Roll
2025;Wednesday;15 October 2025;1;21;28;38;51;56;19;R7,000,000;Roll
2025;Saturday;11 October 2025;11;33;40;50;52;56;58;R6,000,000;Roll
2025;Wednesday;8 October 2025;19;28;34;38;43;57;13;R5,000,000;Roll
2025;Saturday;4 October 2025;1;17;27;40;51;53;30;R4,000,000;Roll
2025;Wednesday;1 October 2025;3;5;14;38;48;49;27;R3,000,000;Roll
2025;Saturday;27 September 2025;3;4;9;19;38;58;43;R2,000,000;Roll
2025;Wednesday;24 September 2025;5;32;48;51;52;54;9;R1,000,000;Roll
2025;Saturday;20 September 2025;20;27;31;32;38;42;36;R8,544,310.20;Won
2025;Wednesday;17 September 2025;4;10;16;21;32;33;49;R7,628,598.07;Roll
2025;Saturday;13 September 2025;1;9;14;17;37;42;34;R6,897,526.67;Roll
2025;Wednesday;10 September 2025;8;11;27;44;45;47;17;R6,035,916.93;Roll
2025;Saturday;6 September 2025;4;12;15;22;29;41;37;R5,380,633.54;Roll
2025;Wednesday;3 September 2025;3;13;21;31;48;51;9;R4,471,863.74;Roll
2025;Saturday;30 August 2025;3;22;34;36;40;43;25;R3,591,857.04;Roll
2025;Wednesday;27 August 2025;8;13;16;21;33;47;18;R2,565,066.84;Roll
2025;Saturday;23 August 2025;12;17;26;45;46;47;13;R1,669,370.15;Roll
2025;Wednesday;20 August 2025;1;2;9;11;39;50;13;R782,751.04;Roll
2025;Saturday;16 August 2025;13;17;21;47;48;50;39;R10,744,166;Won
2025;Wednesday;13 August 2025;7;26;27;29;46;52;42;R9,587,577.47;Roll
2025;Saturday;9 August 2025;6;9;11;19;20;52;29;R8,656,129.63;Roll
2025;Wednesday;6 August 2025;2;5;6;15;35;36;28;R7,709,314.44;Roll
2025;Saturday;2 August 2025;1;6;8;26;43;46;49;R6,755,845.76;Roll
2025;Wednesday;30 July 2025;6;11;17;33;47;49;3;R5,616,288.78;Roll
2025;Saturday;26 July 2025;12;15;22;23;41;42;13;R4,754,771.79;Roll
2025;Wednesday;23 July 2025;15;17;20;22;42;50;41;R3,621,205.80;Roll
2025;Saturday;19 July 2025;9;16;31;35;36;39;40;R2,793,314.66;Roll
2025;Wednesday;16 July 2025;12;17;25;43;44;48;7;R1,778,591.90;Roll
2025;Saturday;12 July 2025;3;10;18;21;43;47;8;R927,405.94;Roll
2025;Wednesday;9 July 2025;23;27;32;44;45;48;9;R19,435,068.10;Won
2025;Saturday;5 July 2025;12;25;39;48;51;52;8;R18,496,027.36;Roll
2025;Wednesday;2 July 2025;9;12;15;23;48;52;26;R17,383,615.66;Roll
2025;Saturday;28 June 2025;9;12;15;16;29;33;3;R16,499,019.82;Roll
2025;Wednesday;25 June 2025;17;18;28;44;48;51;4;R15,525,179.27;Roll
2025;Saturday;21 June 2025;6;16;29;40;42;47;37;R14,588,071.03;Roll
2025;Wednesday;18 June 2025;11;13;31;36;41;43;18;R13,561,116.53;Roll
2025;Saturday;14 June 2025;3;6;7;11;25;37;15;R12,401,151.90;Roll
2025;Wednesday;11 June 2025;4;16;27;34;40;41;14;R11,311,155.22;Roll
2025;Saturday;7 June 2025;14;19;22;35;50;51;40;R10,239,800.63;Roll
2025;Wednesday;4 June 2025;1;6;22;23;26;28;31;R8,996,961.23;Roll
2025;Saturday;31 May 2025;25;29;30;41;44;50;31;R7,482,994.42;Roll
2025;Wednesday;28 May 2025;7;15;22;41;42;47;3;R6,024,449.66;Roll
2025;Saturday;24 May 2025;12;27;35;39;47;49;42;R4,922,090.08;Roll
2025;Wednesday;21 May 2025;1;12;13;18;19;49;41;R3,692,356.25;Roll
2025;Saturday;17 May 2025;9;19;20;27;32;34;52;R2,870,764.83;Roll
2025;Wednesday;14 May 2025;17;24;27;28;37;44;46;R1,871,423.32;Roll
2025;Saturday;10 May 2025;8;10;16;23;50;51;20;R1,002,860.65;Roll
2025;Wednesday;7 May 2025;2;21;34;38;49;51;24;R2,064,660.80;Won
2025;Saturday;3 May 2025;6;9;27;32;33;39;46;R1,030,100.75;Roll
2025;Wednesday;30 April 2025;4;6;17;18;21;40;1;R12,721,735.70;Won
2025;Saturday;26 April 2025;7;17;22;34;42;47;16;R11,786,954.86;Roll
2025;Wednesday;23 April 2025;3;5;28;32;43;51;12;R10,709,156.80;Roll
2025;Saturday;19 April 2025;3;8;17;25;33;50;41;R9,856,928.72;Roll
2025;Wednesday;16 April 2025;1;6;7;20;25;50;22;R8,945,877.28;Roll
2025;Saturday;12 April 2025;6;9;15;25;26;38;20;R8,122,995.30;Roll
2025;Wednesday;9 April 2025;12;15;20;28;37;43;35;R7,137,600.75;Roll
2025;Saturday;5 April 2025;1;3;25;34;47;50;18;R6,220,892.21;Roll
2025;Wednesday;2 April 2025;9;16;18;33;49;52;6;R5,114,290.64;Roll
2025;Saturday;29 March 2025;8;23;28;37;38;52;14;R4,192,985.01;Roll
2025;Wednesday;26 March 2025;2;10;19;24;38;41;7;R3,146,815.36;Roll
2025;Saturday;22 March 2025;7;33;34;38;40;47;17;R2,332,204.70;Roll
2025;Wednesday;19 March 2025;1;3;5;13;18;22;10;R1,480,507.29;Roll
2025;Saturday;15 March 2025;8;19;23;38;40;42;52;R916,077.16;Roll
2025;Wednesday;12 March 2025;1;4;10;13;28;33;25;R3,832,952.10;Won
2025;Saturday;8 March 2025;8;14;16;42;43;52;35;R3,053,568.54;Roll
2025;Wednesday;5 March 2025;1;10;23;29;34;47;16;R2,021,542.60;Roll
2025;Saturday;1 March 2025;4;8;27;31;35;43;6;R1,081,071.51;Roll
2025;Wednesday;26 February 2025;25;26;31;33;34;45;17;R5,221,879.20;Won
2025;Saturday;22 February 2025;3;23;27;44;45;47;19;R4,341,023.21;Roll
2025;Wednesday;19 February 2025;1;8;14;21;26;29;48;R3,458,502.99;Roll
2025;Saturday;15 February 2025;9;25;33;37;40;51;28;R2,762,148.58;Roll
2025;Wednesday;12 February 2025;9;10;16;26;31;38;7;R1,792,092.23;Roll
2025;Saturday;8 February 2025;18;21;35;39;41;51;30;R1,024,521.71;Roll
2025;Wednesday;5 February 2025;14;22;24;32;42;50;11;R834,491;Won
2025;Saturday;1 February 2025;2;8;29;32;37;46;50;R11,066,488.80;Won
2025;Wednesday;29 January 2025;5;6;15;21;38;45;20;R9,976,603.38;Roll
2025;Saturday;25 January 2025;7;24;29;35;44;51;17;R9,043,216.40;Roll
2025;Wednesday;22 January 2025;20;22;25;37;39;52;15;R7,968,087.55;Roll
2025;Saturday;18 January 2025;1;3;6;14;17;41;34;R7,186,976.20;Roll
2025;Wednesday;15 January 2025;1;5;14;16;33;40;8;R6,298,003.22;Roll
2025;Saturday;11 January 2025;9;16;19;26;40;48;4;R5,527,984.78;Roll
2025;Wednesday;8 January 2025;26;27;33;36;39;44;45;R4,580,026.78;Roll
2025;Saturday;4 January 2025;11;15;26;31;37;39;6;R3,591,668.20;Roll
2025;Wednesday;1 January 2025;11;19;28;33;34;47;35;R2,486,579.77;Roll
2024;Saturday;28 December 2024;10;16;29;41;46;51;37;R1,624,365.84;Roll
2024;Saturday;21 December 2024;15;29;35;43;48;49;52;R8,099,103.60;Won
2024;Wednesday;18 December 2024;3;5;8;9;12;22;30;R6,832,641.41;Roll
2024;Saturday;14 December 2024;4;7;10;17;21;51;41;R6,061,013.09;Roll
2024;Wednesday;11 December 2024;2;16;23;24;34;51;13;R4,989,539.91;Roll
2024;Saturday;7 December 2024;3;9;10;18;30;51;1;R4,053,790.46;Roll
2024;Wednesday;4 December 2024;11;16;31;47;50;52;33;R3,051,680.38;Roll
2024;Saturday;30 November 2024;15;17;20;21;31;42;29;R2,014,088.11;Roll
2024;Wednesday;27 November 2024;14;17;21;22;26;38;29;R896,384.36;Roll
2024;Saturday;23 November 2024;1;16;26;39;41;47;15;R10,915,667.30;Won
2024;Wednesday;20 November 2024;5;15;36;38;39;42;18;R9,808,949.12;Roll
2024;Saturday;16 November 2024;2;7;20;23;24;33;41;R8,853,881.18;Roll
2024;Wednesday;13 November 2024;11;24;27;36;41;42;9;R7,827,310.26;Roll
2024;Saturday;9 November 2024;16;23;26;37;43;52;28;R6,897,535.24;Roll
2024;Wednesday;6 November 2024;10;14;19;29;41;42;27;R5,665,058;Roll
2024;Saturday;2 November 2024;3;15;21;24;46;49;51;R4,622,782.53;Roll
2024;Wednesday;30 October 2024;11;18;19;36;39;47;4;R3,333,146.77;Roll
2024;Saturday;26 October 2024;2;6;7;35;39;44;34;R1,769,631.54;Roll
2024;Wednesday;23 October 2024;1;15;23;26;29;39;43;R15,876,884.70;Won
2024;Saturday;19 October 2024;3;14;27;28;36;46;49;R14,628,800.25;Roll
2024;Wednesday;16 October 2024;9;14;16;36;49;51;25;R13,152,021.50;Roll
2024;Saturday;12 October 2024;3;5;28;35;40;45;8;R11,875,307.15;Roll
2024;Wednesday;9 October 2024;10;22;29;33;35;40;23;R10,551,822.29;Roll
2024;Saturday;5 October 2024;2;10;27;29;45;52;36;R9,354,420.45;Roll
2024;Wednesday;2 October 2024;5;20;28;29;50;52;3;R7,951,619.76;Roll
2024;Saturday;28 September 2024;12;23;26;45;49;52;3;R6,608,719.01;Roll
2024;Wednesday;25 September 2024;9;18;21;22;43;50;36;R5,287,177.26;Roll
2024;Saturday;21 September 2024;10;18;20;22;23;37;39;R4,265,577.75;Roll
2024;Wednesday;18 September 2024;8;13;24;29;31;32;40;R3,204,929.83;Roll
2024;Saturday;14 September 2024;1;21;27;30;49;52;45;R2,236,884.83;Roll
2024;Wednesday;11 September 2024;6;8;19;44;48;49;51;R993,176.22;Roll
2024;Saturday;7 September 2024;3;5;6;32;39;42;37;R2,264,745.70;Won
2024;Wednesday;4 September 2024;5;6;15;25;32;47;7;R1,056,235.68;Roll
2024;Saturday;31 August 2024;4;7;10;15;33;50;45;R38,107,020.50;Won
2024;Wednesday;28 August 2024;4;5;10;35;39;51;6;R36,803,082.04;Roll
2024;Saturday;24 August 2024;5;6;13;22;39;42;40;R35,662,437.24;Roll
2024;Wednesday;21 August 2024;11;12;16;28;44;51;39;R34,334,503.69;Roll
2024;Saturday;17 August 2024;8;23;27;30;32;47;48;R33,299,423.62;Roll
2024;Wednesday;14 August 2024;5;7;27;29;41;47;6;R32,076,461.21;Roll
2024;Saturday;10 August 2024;2;4;19;27;28;29;39;R31,068,354.84;Roll
2024;Wednesday;7 August 2024;10;16;21;28;29;32;15;R29,923,780.75;Roll
2024;Saturday;3 August 2024;3;17;27;34;49;51;13;R28,827,010.01;Roll
2024;Wednesday;31 July 2024;13;14;31;37;41;43;35;R26,336,418.11;Roll
2024;Saturday;27 July 2024;1;5;9;28;47;48;23;R24,322,257.12;Roll
2024;Wednesday;24 July 2024;6;26;27;50;51;52;29;R22,713,698.51;Roll
2024;Saturday;20 July 2024;8;14;22;27;31;50;35;R21,363,596.39;Roll
2024;Wednesday;17 July 2024;10;15;27;29;32;42;40;R19,932,487.07;Roll
2024;Saturday;13 July 2024;1;16;34;42;45;52;9;R18,673,303.14;Roll
2024;Wednesday;10 July 2024;2;3;6;28;40;49;24;R17,363,856.65;Roll
2024;Saturday;6 July 2024;12;24;29;40;46;52;25;R16,284,730.28;Roll
2024;Wednesday;3 July 2024;4;6;16;19;34;50;41;R14,945,069.15;Roll
2024;Saturday;29 June 2024;1;10;20;21;28;34;43;R13,737,523.78;Roll
2024;Wednesday;26 June 2024;6;28;31;35;39;47;44;R12,414,005.79;Roll
2024;Saturday;22 June 2024;3;23;32;34;38;39;21;R11,258,982.75;Roll
2024;Wednesday;19 June 2024;19;24;37;39;44;46;27;R10,152,381.84;Roll
2024;Saturday;15 June 2024;3;5;27;38;41;42;26;R9,215,152.36;Roll
2024;Wednesday;12 June 2024;1;4;10;13;19;52;6;R8,091,844.53;Roll
2024;Saturday;8 June 2024;7;13;15;23;32;52;3;R7,281,760.06;Roll
2024;Wednesday;5 June 2024;5;7;10;22;37;41;39;R6,257,511.88;Roll
2024;Saturday;1 June 2024;5;11;19;34;35;50;10;R5,292,953.61;Roll
2024;Wednesday;29 May 2024;2;10;29;45;47;50;41;R4,249,886.45;Roll
2024;Saturday;25 May 2024;12;21;22;24;30;51;7;R3,366,907.11;Roll
2024;Wednesday;22 May 2024;3;13;29;34;35;47;24;R2,382,211.50;Roll
2024;Saturday;18 May 2024;3;12;20;30;45;47;8;R1,638,504.90;Roll
2024;Wednesday;15 May 2024;2;23;33;36;42;48;49;R769,465.89;Roll
2024;Saturday;11 May 2024;5;20;23;45;47;50;15;R16,835,658.98;Won
2024;Wednesday;8 May 2024;5;6;10;25;40;46;30;R15,843,398.28;Roll
2024;Saturday;4 May 2024;12;16;21;23;29;40;52;R15,000,000;Roll
2024;Wednesday;1 May 2024;2;14;19;37;39;45;43;R12,714,470.76;Roll
2024;Saturday;27 April 2024;3;5;9;15;32;33;1;R11,748,305.94;Roll
2024;Wednesday;24 April 2024;2;22;31;43;50;52;49;R10,835,592.28;Roll
2024;Saturday;20 April 2024;12;23;24;26;29;39;19;R10,026,172.96;Roll
2024;Wednesday;17 April 2024;8;9;22;30;49;50;35;R9,159,455.35;Roll
2024;Saturday;13 April 2024;30;31;41;42;44;48;38;R8,369,939.53;Roll
2024;Wednesday;10 April 2024;2;15;30;38;43;49;34;R7,276,113.60;Roll
2024;Saturday;6 April 2024;3;4;19;21;28;37;2;R6,309,935.53;Roll
2024;Wednesday;3 April 2024;5;7;13;28;38;44;2;R5,307,557.79;Roll
2024;Saturday;30 March 2024;6;9;16;20;21;44;31;R4,446,000.39;Roll
2024;Wednesday;27 March 2024;3;16;37;38;44;49;41;R3,464,634.50;Roll
2024;Saturday;23 March 2024;3;9;18;25;33;50;52;R2,518,636.17;Roll
2024;Wednesday;20 March 2024;8;16;18;31;40;47;19;R1,630,930.56;Roll
2024;Saturday;16 March 2024;4;8;12;34;35;45;22;R886,188.47;Roll
2024;Wednesday;13 March 2024;2;17;19;42;51;52;3;R13,461,673.40;Won
2024;Saturday;9 March 2024;11;23;27;32;38;49;43;R12,663,311.20;Roll
2024;Wednesday;6 March 2024;18;24;27;28;29;37;25;R11,552,755.82;Roll
2024;Saturday;2 March 2024;2;3;27;31;36;44;37;R10,585,519.74;Roll
2024;Wednesday;28 February 2024;4;12;27;32;36;46;43;R9,409,943.30;Roll
2024;Saturday;24 February 2024;1;2;30;36;40;46;9;R8,529,027.65;Roll
2024;Wednesday;21 February 2024;14;18;21;27;46;52;45;R7,435,828.45;Roll
2024;Saturday;17 February 2024;7;32;44;45;47;52;41;R6,672,843.10;Roll
2024;Wednesday;14 February 2024;21;27;29;30;40;52;6;R5,688,162.06;Roll
2024;Saturday;10 February 2024;4;6;15;35;39;43;23;R4,905,605.14;Roll
2024;Wednesday;7 February 2024;2;5;13;33;46;52;38;R3,950,035.01;Roll
2024;Saturday;3 February 2024;22;26;34;40;45;48;49;R3,081,867.85;Roll
2024;Wednesday;31 January 2024;13;18;23;30;34;47;40;R1,983,454.77;Roll
2024;Saturday;27 January 2024;3;8;9;42;47;48;33;R1,094,402.96;Roll
2024;Wednesday;24 January 2024;7;17;20;33;47;52;14;R6,179,301.80;Won
2024;Saturday;20 January 2024;4;6;32;33;38;49;50;R5,350,403;Roll
2024;Wednesday;17 January 2024;6;20;23;43;45;46;7;R4,341,237.29;Roll
2024;Saturday;13 January 2024;2;3;33;40;42;43;1;R3,540,293.34;Roll
2024;Wednesday;10 January 2024;5;8;14;17;18;25;4;R2,604,557.80;Roll
2024;Saturday;6 January 2024;2;36;37;38;44;52;27;R1,915,943.38;Roll
2024;Wednesday;3 January 2024;6;26;42;44;48;50;33;R883,543.79;Roll
2023;Saturday;30 December 2023;3;13;25;37;39;48;17;R30,000,000;Won
2023;Wednesday;27 December 2023;2;4;10;35;36;47;26;R27,694,066.77;Roll
2023;Saturday;23 December 2023;5;7;20;32;44;47;15;R26,786,397.39;Roll
2023;Wednesday;20 December 2023;18;30;36;40;41;46;25;R25,685,181.27;Roll
2023;Saturday;16 December 2023;13;17;19;28;41;43;46;R24,580,531.43;Roll
2023;Wednesday;13 December 2023;1;11;13;23;32;52;44;R23,494,842.99;Roll
2023;Saturday;9 December 2023;10;17;19;24;34;49;21;R22,595,315.73;Roll
2023;Wednesday;6 December 2023;4;6;10;31;48;49;36;R21,601,409.38;Roll
2023;Saturday;2 December 2023;3;5;17;19;23;50;10;R20,608,769.06;Roll
2023;Wednesday;29 November 2023;27;32;41;47;51;52;19;R19,604,478.69;Roll
2023;Saturday;25 November 2023;1;13;17;42;43;49;6;R18,654,916.11;Roll
2023;Wednesday;22 November 2023;5;12;20;26;27;42;47;R17,426,351.60;Roll
2023;Saturday;18 November 2023;3;9;11;12;46;50;38;R16,503,982;Roll
2023;Wednesday;15 November 2023;10;18;23;25;46;49;31;R15,450,958.12;Roll
2023;Saturday;11 November 2023;2;5;19;25;26;49;6;R14,475,246.68;Roll
2023;Wednesday;8 November 2023;2;8;16;34;44;50;28;R13,499,981.75;Roll
2023;Saturday;4 November 2023;10;12;23;28;41;46;48;R12,519,879.91;Roll
2023;Wednesday;1 November 2023;1;12;23;25;27;35;11;R11,310,051.56;Roll
2023;Saturday;28 October 2023;26;27;32;43;46;48;47;R10,434,103.34;Roll
2023;Wednesday;25 October 2023;3;7;11;25;44;47;38;R9,180,023.30;Roll
2023;Saturday;21 October 2023;9;17;22;36;42;51;44;R8,286,372.41;Roll
2023;Wednesday;18 October 2023;2;3;12;19;27;35;38;R7,254,485.60;Roll
2023;Saturday;14 October 2023;8;18;22;42;45;48;40;R6,461,867.95;Roll
2023;Wednesday;11 October 2023;15;17;18;30;34;41;42;R5,415,973.90;Roll
2023;Saturday;7 October 2023;3;7;23;24;27;52;6;R4,583,179.60;Roll
2023;Wednesday;4 October 2023;8;9;24;26;38;50;21;R3,636,942.11;Roll
2023;Saturday;30 September 2023;5;12;17;18;24;49;33;R2,703,869.16;Roll
2023;Wednesday;27 September 2023;2;6;13;23;28;30;5;R1,700,898.49;Roll
2023;Saturday;23 September 2023;12;21;25;27;38;52;16;R974,632.20;Roll
2023;Wednesday;20 September 2023;4;5;25;29;43;46;32;R2,612,189.20;Won
2023;Saturday;16 September 2023;14;22;30;34;37;51;24;R1,825,409.46;Roll
2023;Wednesday;13 September 2023;2;22;23;25;27;41;52;R805,623.88;Roll
2023;Saturday;9 September 2023;8;17;22;32;33;52;23;R2,936,526.60;Won
2023;Wednesday;6 September 2023;6;7;24;43;46;52;47;R1,958,123.44;Roll
2023;Saturday;2 September 2023;1;2;18;22;42;47;38;R1,037,499.53;Roll
2023;Wednesday;30 August 2023;2;8;9;31;43;52;12;R26,301,914.25;Won
2023;Saturday;26 August 2023;5;10;32;35;41;46;21;R25,363,762.57;Roll
2023;Wednesday;23 August 2023;1;5;8;19;41;49;14;R24,179,616.03;Roll
2023;Saturday;19 August 2023;1;16;29;35;40;51;46;R23,412,690.13;Roll
2023;Wednesday;16 August 2023;5;16;17;22;30;34;20;R22,232,884.29;Roll
2023;Saturday;12 August 2023;18;21;29;38;40;44;52;R21,178,481.75;Roll
2023;Wednesday;9 August 2023;3;4;38;47;48;49;8;R19,958,507.87;Roll
2023;Saturday;5 August 2023;10;12;15;32;35;46;9;R18,987,047.68;Roll
2023;Wednesday;2 August 2023;13;25;28;31;40;52;6;R17,765,191.64;Roll
2023;Saturday;29 July 2023;16;32;35;36;45;49;33;R16,570,423.90;Roll
2023;Wednesday;26 July 2023;4;5;18;32;34;41;45;R15,362,677.13;Roll
2023;Saturday;22 July 2023;6;24;30;37;43;46;38;R14,262,650.87;Roll
2023;Wednesday;19 July 2023;10;11;24;37;38;50;51;R13,181,336.92;Roll
2023;Saturday;15 July 2023;20;23;35;37;42;52;2;R12,254,655.77;Roll
2023;Wednesday;12 July 2023;3;30;36;42;45;48;22;R11,131,479.11;Roll
2023;Saturday;8 July 2023;13;27;37;48;49;50;6;R10,000,000;Roll
2023;Wednesday;5 July 2023;31;36;41;47;51;52;1;R8,057,086.53;Roll
2023;Saturday;1 July 2023;7;25;29;40;43;51;35;R6,787,806.09;Roll
2023;Wednesday;28 June 2023;18;21;23;25;26;29;22;R5,506,278.01;Roll
2023;Saturday;24 June 2023;15;23;34;44;45;52;24;R4,592,638.17;Roll
2023;Wednesday;21 June 2023;12;16;26;30;32;50;9;R3,490,709.21;Roll
2023;Saturday;17 June 2023;15;36;41;42;43;47;23;R2,693,403.05;Roll
2023;Wednesday;14 June 2023;12;13;19;28;37;50;33;R1,700,634.88;Roll
2023;Saturday;10 June 2023;11;12;17;18;22;37;38;R904,055.47;Roll
2023;Wednesday;7 June 2023;5;6;8;10;14;32;22;R26,151,355.94;Won
2023;Saturday;3 June 2023;15;19;24;29;47;51;21;R25,270,292.58;Roll
2023;Wednesday;31 May 2023;3;8;18;31;35;37;48;R24,051,450.26;Roll
2023;Saturday;27 May 2023;5;7;23;34;45;49;18;R23,068,068.38;Roll
2023;Wednesday;24 May 2023;3;5;6;24;29;46;43;R21,985,338;Roll
2023;Saturday;20 May 2023;6;7;16;21;41;42;4;R21,160,557.96;Roll
2023;Wednesday;17 May 2023;19;29;37;42;51;52;14;R19,901,546.94;Roll
2023;Saturday;13 May 2023;4;5;34;35;44;48;45;R18,761,597.10;Roll
2023;Wednesday;10 May 2023;6;21;25;29;33;50;46;R17,555,505.25;Roll
2023;Saturday;6 May 2023;17;22;24;32;45;52;44;R16,486,954.36;Roll
2023;Wednesday;3 May 2023;7;13;15;26;36;48;44;R14,717,153.95;Roll
2023;Saturday;29 April 2023;2;10;13;14;35;43;51;R13,619,319.24;Roll
2023;Wednesday;26 April 2023;17;20;30;41;42;50;29;R12,379,543.90;Roll
2023;Saturday;22 April 2023;13;15;21;22;42;52;20;R11,306,736.45;Roll
2023;Wednesday;19 April 2023;3;5;22;39;50;52;32;R10,256,494.41;Roll
2023;Saturday;15 April 2023;20;23;37;42;43;47;26;R9,377,447.68;Roll
2023;Wednesday;12 April 2023;3;5;9;28;39;40;11;R8,267,051.30;Roll
2023;Saturday;8 April 2023;2;8;10;39;47;50;48;R7,463,068.46;Roll
2023;Wednesday;5 April 2023;5;14;28;36;48;50;2;R6,492,239.64;Roll
2023;Saturday;1 April 2023;2;4;16;32;45;50;29;R5,517,840.60;Roll
2023;Wednesday;29 March 2023;16;19;25;32;35;43;15;R4,389,244.69;Roll
2023;Saturday;25 March 2023;10;29;39;43;44;48;12;R4,000,000;Roll
2023;Wednesday;22 March 2023;6;24;26;32;37;44;30;R2,393,293.17;Roll
2023;Saturday;18 March 2023;14;34;40;41;42;43;39;R1,686,258.60;Roll
2023;Wednesday;15 March 2023;3;5;14;16;39;50;4;R734,540.25;Roll
2023;Saturday;11 March 2023;6;24;29;34;43;50;41;R11,069,375.90;Won
2023;Wednesday;8 March 2023;2;18;21;28;39;50;26;R10,060,086.30;Roll
2023;Saturday;4 March 2023;1;22;30;38;46;48;39;R9,184,678.01;Roll
2023;Wednesday;1 March 2023;22;30;40;49;50;51;36;R8,066,974.92;Roll
2023;Saturday;25 February 2023;13;16;30;41;43;48;8;R7,159,459.24;Roll
2023;Wednesday;22 February 2023;6;24;29;31;32;52;9;R6,147,159.24;Roll
2023;Saturday;18 February 2023;3;10;26;41;46;48;12;R5,415,094.75;Roll
2023;Wednesday;15 February 2023;3;27;30;34;39;47;38;R4,500,966.65;Roll
2023;Saturday;11 February 2023;4;5;25;30;37;45;31;R3,720,926.56;Roll
2023;Wednesday;8 February 2023;19;22;23;32;37;41;49;R2,722,353.56;Roll
2023;Saturday;4 February 2023;9;21;31;36;46;52;24;R1,884,124.77;Roll
2023;Wednesday;1 February 2023;7;12;14;23;25;49;42;R806,917;Roll
2023;Saturday;28 January 2023;4;11;20;41;45;47;32;R10,996,254.50;Won
2023;Wednesday;25 January 2023;2;7;8;16;22;33;28;R9,907,619.88;Roll
2023;Saturday;21 January 2023;18;35;45;46;48;49;27;R9,183,310.61;Roll
2023;Wednesday;18 January 2023;2;5;20;32;34;35;50;R8,228,861.44;Roll
2023;Saturday;14 January 2023;1;9;13;18;32;47;2;R7,434,180.10;Roll
2023;Wednesday;11 January 2023;12;15;30;39;41;44;23;R6,474,855.59;Roll
2023;Saturday;7 January 2023;4;8;12;15;23;45;19;R5,626,692.61;Roll
2023;Wednesday;4 January 2023;5;29;30;42;43;45;13;R4,744,756.71;Roll
2022;Saturday;31 December 2022;13;34;36;37;38;42;19;R3,805,374.11;Roll
2022;Wednesday;28 December 2022;4;13;17;22;25;32;19;R2,620,447.15;Roll
2022;Saturday;24 December 2022;1;15;18;32;49;52;35;R1,852,178.36;Roll
2022;Wednesday;21 December 2022;2;7;15;19;22;47;4;R785,873.35;Roll
2022;Saturday;17 December 2022;3;5;20;29;39;43;4;R4,628,963.70;Won
2022;Wednesday;14 December 2022;4;9;27;38;39;40;10;R3,652,585.06;Roll
2022;Saturday;10 December 2022;6;36;38;41;48;49;23;R2,863,679.40;Roll
2022;Wednesday;7 December 2022;11;14;15;42;43;48;41;R1,872,376.68;Roll
2022;Saturday;3 December 2022;2;7;13;17;33;40;34;R980,246.89;Roll
2022;Wednesday;30 November 2022;4;5;6;31;47;49;32;R916,533.70;Won
2022;Saturday;26 November 2022;4;11;21;23;33;35;3;R6,427,298.70;Won
2022;Wednesday;23 November 2022;4;25;36;37;38;50;14;R5,463,491.08;Roll
2022;Saturday;19 November 2022;4;15;25;40;44;46;45;R4,448,360.88;Roll
2022;Wednesday;16 November 2022;1;17;26;29;42;51;40;R3,250,531.73;Roll
2022;Saturday;12 November 2022;15;17;31;40;43;50;7;R2,173,382.25;Roll
2022;Wednesday;9 November 2022;19;22;25;32;41;51;7;R986,002.71;Roll
2022;Saturday;5 November 2022;1;12;27;34;36;50;46;R3,515,206.50;Won
2022;Wednesday;2 November 2022;10;15;21;31;44;49;37;R2,270,656.51;Roll
2022;Saturday;29 October 2022;1;10;11;27;31;38;52;R1,143,569.11;Roll
2022;Wednesday;26 October 2022;9;15;22;25;46;51;11;R11,471,571.70;Won
2022;Saturday;22 October 2022;1;7;9;17;26;38;25;R10,508,620.04;Roll
2022;Wednesday;19 October 2022;3;11;35;45;48;50;31;R9,603,670.88;Roll
2022;Saturday;15 October 2022;7;17;25;34;39;41;27;R8,668,318.26;Roll
2022;Wednesday;12 October 2022;2;4;11;15;39;50;20;R7,646,109.91;Roll
2022;Saturday;8 October 2022;4;9;12;23;47;48;49;R6,781,850.84;Roll
2022;Wednesday;5 October 2022;21;30;33;37;42;45;27;R5,701,174.88;Roll
2022;Saturday;1 October 2022;4;5;14;15;20;43;3;R4,710,690.34;Roll
2022;Wednesday;28 September 2022;3;14;31;33;47;52;11;R3,665,331.59;Roll
2022;Saturday;24 September 2022;5;12;15;17;31;45;39;R2,737,261.84;Roll
2022;Wednesday;21 September 2022;11;12;35;36;51;52;31;R1,782,486.05;Roll
2022;Saturday;17 September 2022;6;20;21;28;37;47;3;R973,384.74;Roll
2022;Wednesday;14 September 2022;4;6;9;36;49;50;18;R6,463,946.30;Won
2022;Saturday;10 September 2022;21;22;26;29;31;35;14;R5,681,349.61;Roll
2022;Wednesday;7 September 2022;4;7;11;12;29;43;3;R4,698,909.15;Roll
2022;Saturday;3 September 2022;7;11;23;36;40;46;21;R3,929,125.23;Roll
2022;Wednesday;31 August 2022;13;19;20;32;39;50;41;R2,556,373.55;Roll
2022;Saturday;27 August 2022;7;14;27;29;30;41;48;R1,282,461.57;Roll
2022;Wednesday;24 August 2022;1;17;34;40;41;46;49;R1,015,374.60;Won
2022;Saturday;20 August 2022;9;13;27;38;45;51;42;R3,258,779.90;Won
2022;Wednesday;17 August 2022;4;9;18;37;45;46;40;R2,104,247.75;Roll
2022;Saturday;13 August 2022;5;17;24;25;35;46;21;R1,087,198.29;Roll
2022;Wednesday;10 August 2022;21;24;26;30;36;39;1;R8,913,492.90;Won
2022;Saturday;6 August 2022;3;10;16;24;32;49;20;R7,972,501.10;Roll
2022;Wednesday;3 August 2022;6;10;11;21;22;30;39;R6,848,427.41;Roll
2022;Saturday;30 July 2022;26;36;37;42;44;52;43;R5,843,071.08;Roll
2022;Wednesday;27 July 2022;26;37;41;42;44;45;10;R4,508,446.28;Roll
2022;Saturday;23 July 2022;1;7;11;15;30;52;22;R3,426,793.12;Roll
2022;Wednesday;20 July 2022;17;18;33;35;40;46;28;R2,469,637.64;Roll
2022;Saturday;16 July 2022;1;15;18;25;28;44;3;R1,652,235.86;Roll
2022;Wednesday;13 July 2022;9;11;33;39;40;42;20;R737,276.99;Roll
2022;Saturday;9 July 2022;13;21;31;32;39;46;40;R3,390,180.20;Won
2022;Wednesday;6 July 2022;7;9;12;28;41;52;11;R2,400,384.61;Roll
2022;Saturday;2 July 2022;3;13;28;32;46;51;39;R1,644,829.86;Roll
2022;Wednesday;29 June 2022;14;17;19;26;28;48;7;R669,201.22;Roll
2022;Saturday;25 June 2022;7;24;27;34;35;44;32;R3,928,721.70;Won
2022;Wednesday;22 June 2022;21;26;31;45;48;50;14;R3,051,353.77;Roll
2022;Saturday;18 June 2022;12;23;24;27;36;44;29;R2,317,071.24;Roll
2022;Wednesday;15 June 2022;1;3;4;13;19;38;24;R1,495,745.48;Roll
2022;Saturday;11 June 2022;10;16;21;26;28;32;51;R872,499.93;Roll
2022;Wednesday;8 June 2022;6;9;21;30;39;47;29;R12,600,447.90;Won
2022;Saturday;4 June 2022;7;13;33;39;40;42;38;R11,814,181.65;Roll
2022;Wednesday;1 June 2022;4;10;13;27;28;47;50;R10,820,637.03;Roll
2022;Saturday;28 May 2022;8;23;25;36;39;51;16;R9,910,247.41;Roll
2022;Wednesday;25 May 2022;8;21;22;28;40;46;49;R8,806,628.41;Roll
2022;Saturday;21 May 2022;4;9;11;18;49;52;25;R7,969,291.35;Roll
2022;Wednesday;18 May 2022;6;17;20;34;38;40;13;R7,134,029.24;Roll
2022;Saturday;14 May 2022;8;11;31;33;38;45;7;R6,364,978.04;Roll
2022;Wednesday;11 May 2022;10;15;16;29;36;40;19;R5,433,042.60;Roll
2022;Saturday;7 May 2022;14;28;30;32;36;37;21;R4,678,961.25;Roll
2022;Wednesday;4 May 2022;2;4;16;28;40;42;50;R3,678,402.74;Roll
2022;Saturday;30 April 2022;4;5;30;36;41;51;15;R2,854,511.11;Roll
2022;Wednesday;27 April 2022;2;17;29;43;47;49;12;R1,774,023.30;Roll
2022;Saturday;23 April 2022;3;13;24;25;39;44;45;R980,657.03;Roll
2022;Wednesday;20 April 2022;1;13;23;24;30;51;11;R2,327,094.80;Won
2022;Saturday;16 April 2022;5;7;10;31;40;47;41;R1,604,863.81;Roll
2022;Wednesday;13 April 2022;5;6;17;39;45;50;15;R776,274.40;Roll
2022;Saturday;9 April 2022;10;11;14;18;28;32;52;R977,669.20;Won
2022;Wednesday;6 April 2022;13;21;31;40;44;48;24;R7,265,910.40;Won
2022;Saturday;2 April 2022;14;24;32;43;46;50;34;R6,350,275.14;Roll
2022;Wednesday;30 March 2022;5;8;14;17;50;52;25;R5,230,369.90;Roll
2022;Saturday;26 March 2022;6;10;18;45;49;51;40;R4,390,120.49;Roll
2022;Wednesday;23 March 2022;16;18;23;30;32;51;21;R3,296,739.76;Roll
2022;Saturday;19 March 2022;3;6;7;21;31;46;41;R2,572,953.21;Roll
2022;Wednesday;16 March 2022;14;21;24;34;39;42;18;R1,689,811.56;Roll
2022;Saturday;12 March 2022;13;25;35;39;44;47;28;R933,373.70;Roll
2022;Wednesday;9 March 2022;11;13;24;31;45;50;43;R17,899,959;Won
2022;Saturday;5 March 2022;1;22;32;34;35;45;42;R17,050,984.44;Roll
2022;Wednesday;2 March 2022;6;10;20;23;25;27;17;R15,918,076.97;Roll
2022;Saturday;26 February 2022;2;5;13;23;48;50;15;R15,089,691.61;Roll
2022;Wednesday;23 February 2022;3;4;7;19;36;43;30;R14,026,571.90;Roll
2022;Saturday;19 February 2022;8;11;16;20;27;41;32;R13,360,862.09;Roll
2022;Wednesday;16 February 2022;10;25;35;38;43;46;42;R12,476,857.20;Roll
2022;Saturday;12 February 2022;10;11;26;43;46;48;33;R11,634,522.90;Roll
2022;Wednesday;9 February 2022;12;26;31;42;48;50;25;R10,646,565.80;Roll
2022;Saturday;5 February 2022;2;8;9;26;41;43;24;R9,768,713.55;Roll
2022;Wednesday;2 February 2022;11;17;24;30;42;51;7;R8,652,558.06;Roll
2022;Saturday;29 January 2022;14;18;22;27;40;44;15;R7,766,040.31;Roll
2022;Wednesday;26 January 2022;21;25;34;37;43;52;51;R6,771,883.54;Roll
2022;Saturday;22 January 2022;5;6;19;29;34;41;33;R5,882,297.75;Roll
2022;Wednesday;19 January 2022;1;6;10;16;44;51;36;R4,983,997.44;Roll
2022;Saturday;15 January 2022;12;14;22;42;47;52;21;R4,252,894.24;Roll
2022;Wednesday;12 January 2022;8;18;30;34;38;49;45;R3,285,256.67;Roll
2022;Saturday;8 January 2022;1;11;21;27;32;47;17;R2,479,220.09;Roll
2022;Wednesday;5 January 2022;1;24;25;47;48;52;9;R1,593,105.80;Roll
2022;Saturday;1 January 2022;2;5;16;27;30;31;8;R696,557.14;Roll
2021;Wednesday;29 December 2021;6;9;16;25;36;49;18;R3,569,929.60;Won
2021;Wednesday;22 December 2021;11;17;22;31;39;47;6;R2,477,630.74;Roll
2021;Saturday;18 December 2021;1;11;21;22;35;48;10;R1,638,973.31;Roll
2021;Wednesday;15 December 2021;16;23;24;25;34;39;10;R770,649.80;Roll
2021;Saturday;11 December 2021;11;21;44;46;48;51;52;R913,066.80;Won
2021;Wednesday;8 December 2021;8;28;31;37;51;52;5;R14,445,246;Won
2021;Saturday;4 December 2021;1;15;17;20;24;47;35;R13,553,780.05;Roll
2021;Wednesday;1 December 2021;1;2;4;32;39;52;43;R12,373,768.84;Roll
2021;Saturday;27 November 2021;7;17;18;20;31;33;37;R11,268,611.51;Roll
2021;Wednesday;24 November 2021;17;25;28;34;48;52;51;R10,128,360.24;Roll
2021;Saturday;20 November 2021;26;28;38;39;41;50;34;R9,123,600.15;Roll
2021;Wednesday;17 November 2021;11;17;32;36;37;41;46;R7,967,486.64;Roll
2021;Saturday;13 November 2021;12;15;17;18;47;49;28;R7,058,066.92;Roll
2021;Wednesday;10 November 2021;6;23;25;46;49;51;1;R6,095,029.76;Roll
2021;Saturday;6 November 2021;2;17;37;41;46;52;8;R5,207,787.90;Roll
2021;Wednesday;3 November 2021;7;11;20;23;33;52;18;R4,167,807.99;Roll
2021;Saturday;30 October 2021;7;28;33;39;44;51;49;R3,449,114.74;Roll
2021;Wednesday;27 October 2021;2;4;27;29;30;33;28;R2,410,785.11;Roll
2021;Saturday;23 October 2021;10;19;27;30;38;47;39;R1,604,005.86;Roll
2021;Wednesday;20 October 2021;3;6;18;32;42;47;21;R697,120.21;Roll
2021;Saturday;16 October 2021;10;11;28;36;38;40;19;R6,101,882.70;Won
2021;Wednesday;13 October 2021;6;11;23;24;32;37;3;R5,213,339.64;Roll
2021;Saturday;9 October 2021;5;8;34;35;36;39;50;R4,472,552.67;Roll
2021;Wednesday;6 October 2021;18;20;38;42;44;48;46;R3,505,871.76;Roll
2021;Saturday;2 October 2021;10;12;17;31;38;40;19;R2,667,348.16;Roll
2021;Wednesday;29 September 2021;13;17;22;23;28;37;39;R1,722,397.25;Roll
2021;Saturday;25 September 2021;1;16;17;22;31;49;25;R961,555.75;Roll
2021;Wednesday;22 September 2021;5;17;18;21;33;47;30;R7,163,580.80;Won
2021;Saturday;18 September 2021;6;8;28;32;33;39;38;R6,330,296.19;Roll
2021;Wednesday;15 September 2021;19;22;27;34;40;46;7;R5,315,950.39;Roll
2021;Saturday;11 September 2021;3;6;18;26;40;46;5;R4,527,245.46;Roll
2021;Wednesday;8 September 2021;5;20;27;32;33;48;28;R3,607,388.06;Roll
2021;Saturday;4 September 2021;11;14;15;25;38;46;39;R2,777,951.31;Roll
2021;Wednesday;1 September 2021;4;10;39;40;44;49;27;R1,746,966.16;Roll
2021;Saturday;28 August 2021;7;11;24;32;35;48;25;R905,846.89;Roll
2021;Wednesday;25 August 2021;8;20;22;43;48;52;35;R7,374,345.10;Won
2021;Saturday;21 August 2021;12;19;28;33;43;50;16;R6,609,455.10;Roll
2021;Wednesday;18 August 2021;2;3;8;13;15;39;5;R5,749,647.36;Roll
2021;Saturday;14 August 2021;3;10;19;34;37;38;24;R5,146,826.03;Roll
2021;Wednesday;11 August 2021;12;18;29;44;47;51;3;R4,276,180.45;Roll
2021;Saturday;7 August 2021;1;13;14;20;24;46;5;R3,523,500.95;Roll
2021;Wednesday;4 August 2021;4;19;20;23;33;41;10;R2,645,318.11;Roll
2021;Saturday;31 July 2021;6;10;29;34;45;47;3;R1,898,451.39;Roll
2021;Wednesday;28 July 2021;14;24;25;29;30;52;44;R889,984.61;Roll
2021;Saturday;24 July 2021;4;9;31;39;46;50;2;R7,389,054;Won
2021;Wednesday;21 July 2021;8;13;24;35;37;52;16;R6,243,951.90;Roll
2021;Saturday;17 July 2021;5;7;20;42;44;49;38;R5,460,610.58;Roll
2021;Wednesday;14 July 2021;1;3;14;22;33;37;41;R4,605,812;Roll
2021;Saturday;10 July 2021;4;8;20;24;31;50;35;R3,988,868.81;Roll
2021;Wednesday;7 July 2021;7;10;20;21;37;44;25;R2,939,892.15;Roll
2021;Saturday;3 July 2021;4;16;31;40;41;49;46;R2,104,896.36;Roll
2021;Wednesday;30 June 2021;1;26;28;33;38;51;36;R922,991.06;Roll
2021;Saturday;26 June 2021;7;18;25;28;32;34;41;R11,793,962.80;Won
2021;Wednesday;23 June 2021;12;34;37;41;42;46;45;R10,821,876.59;Roll
2021;Saturday;19 June 2021;3;6;18;26;43;49;38;R10,039,571.41;Roll
2021;Wednesday;16 June 2021;2;5;7;18;40;44;16;R9,116,076.89;Roll
2021;Saturday;12 June 2021;2;12;16;26;33;48;3;R8,476,847.86;Roll
2021;Wednesday;9 June 2021;6;12;20;22;46;52;45;R7,593,675.08;Roll
2021;Saturday;5 June 2021;6;16;22;26;27;49;8;R6,810,542.44;Roll
2021;Wednesday;2 June 2021;5;13;17;22;27;44;50;R5,920,024.51;Roll
2021;Saturday;29 May 2021;7;11;20;28;50;51;30;R5,157,113.36;Roll
2021;Wednesday;26 May 2021;3;21;23;26;31;47;11;R4,165,796.73;Roll
2021;Saturday;22 May 2021;3;9;18;19;43;48;15;R3,390,037.05;Roll
2021;Wednesday;19 May 2021;20;31;34;40;42;52;4;R2,551,440.58;Roll
2021;Saturday;15 May 2021;17;27;34;40;43;50;12;R1,774,327.41;Roll
2021;Wednesday;12 May 2021;13;17;37;38;50;52;22;R798,926.68;Roll
2021;Saturday;8 May 2021;4;16;20;29;30;40;41;R2,924,520.70;Won
2021;Wednesday;5 May 2021;3;8;28;35;41;44;23;R1,959,766.38;Roll
2021;Saturday;1 May 2021;9;13;31;33;37;48;28;R1,066,218.84;Roll
2021;Wednesday;28 April 2021;13;20;23;36;43;51;8;R816,190.10;Won
2021;Saturday;24 April 2021;5;12;17;32;39;51;50;R12,925,675.10;Won
2021;Wednesday;21 April 2021;12;14;17;25;28;38;4;R11,836,232.93;Roll
2021;Saturday;17 April 2021;4;5;21;24;25;48;7;R11,110,341.61;Roll
2021;Wednesday;14 April 2021;15;22;24;34;36;46;16;R10,232,248.88;Roll
2021;Saturday;10 April 2021;3;13;14;21;38;46;45;R9,415,355.90;Roll
2021;Wednesday;7 April 2021;14;23;24;28;29;45;44;R8,360,604.22;Roll
2021;Saturday;3 April 2021;14;15;21;24;26;41;34;R7,402,926.69;Roll
2021;Wednesday;31 March 2021;14;15;20;23;34;35;9;R6,444,034.79;Roll
2021;Saturday;27 March 2021;19;20;26;33;42;50;49;R5,532,375.16;Roll
2021;Wednesday;24 March 2021;5;13;14;29;44;49;18;R4,426,589.12;Roll
2021;Saturday;20 March 2021;16;18;29;39;47;48;45;R3,670,923.74;Roll
2021;Wednesday;17 March 2021;1;23;28;37;38;48;19;R2,662,037.60;Roll
2021;Saturday;13 March 2021;2;23;34;43;47;51;32;R1,841,053.69;Roll
2021;Wednesday;10 March 2021;6;13;22;27;28;47;40;R823,034.99;Roll
2021;Saturday;6 March 2021;1;8;17;18;44;46;7;R1,050,067.20;Won
2021;Wednesday;3 March 2021;18;31;47;49;50;52;45;R22,240,458.20;Won
2021;Saturday;27 February 2021;1;10;17;23;27;32;46;R21,163,172.29;Roll
2021;Wednesday;24 February 2021;2;7;10;27;31;41;5;R20,039,565;Roll
2021;Saturday;20 February 2021;2;3;9;18;40;44;5;R19,289,304.29;Roll
2021;Wednesday;17 February 2021;6;8;14;24;37;41;26;R18,365,990.62;Roll
2021;Saturday;13 February 2021;3;7;10;26;30;38;21;R17,513,934.14;Roll
2021;Wednesday;10 February 2021;13;14;32;37;41;44;49;R16,589,997.06;Roll
2021;Saturday;6 February 2021;26;28;30;32;45;49;24;R15,652,682.79;Roll
2021;Wednesday;3 February 2021;9;17;27;29;50;51;4;R14,441,834.85;Roll
2021;Saturday;30 January 2021;5;23;26;28;33;35;46;R13,422,501.75;Roll
2021;Wednesday;27 January 2021;1;10;21;41;42;49;46;R12,210,206.91;Roll
2021;Saturday;23 January 2021;3;26;27;36;42;47;29;R11,223,548.97;Roll
2021;Wednesday;20 January 2021;1;26;33;38;39;50;6;R10,118,093.53;Roll
2021;Saturday;16 January 2021;5;21;24;38;43;51;42;R9,167,502.09;Roll
2021;Wednesday;13 January 2021;2;8;13;17;21;52;48;R8,032,935.06;Roll
2021;Saturday;9 January 2021;18;20;29;30;33;38;15;R7,212,029.33;Roll
2021;Wednesday;6 January 2021;4;18;20;30;39;52;43;R6,173,445.96;Roll
2021;Saturday;2 January 2021;4;27;33;34;42;45;3;R5,226,485.69;Roll
2020;Wednesday;30 December 2020;15;26;36;39;41;46;20;R4,274,995.24;Roll
2020;Saturday;26 December 2020;2;6;32;37;40;41;35;R3,382,574.61;Roll
2020;Wednesday;23 December 2020;3;5;8;10;40;52;27;R2,621,821.89;Roll
2020;Saturday;19 December 2020;11;14;28;31;44;50;42;R1,818,978.55;Roll
2020;Wednesday;16 December 2020;1;16;18;29;36;40;49;R777,169.47;Roll
2020;Saturday;12 December 2020;11;13;27;37;40;42;30;R5,619,500.60;Won
2020;Wednesday;9 December 2020;7;9;20;29;35;46;24;R4,674,131.65;Roll
2020;Saturday;5 December 2020;2;17;21;26;34;39;9;R3,890,694.26;Roll
2020;Wednesday;2 December 2020;6;9;24;33;36;44;42;R2,886,704.66;Roll
2020;Saturday;28 November 2020;24;31;32;35;39;50;28;R2,001,876.95;Roll
2020;Wednesday;25 November 2020;2;4;6;13;36;42;25;R822,015.46;Roll
2020;Saturday;21 November 2020;4;7;17;33;35;38;23;R2,540,629.20;Won
2020;Wednesday;18 November 2020;3;5;8;15;22;49;23;R1,706,185.31;Roll
2020;Saturday;14 November 2020;19;25;36;37;45;51;3;R1,038,060.69;Roll
2020;Wednesday;11 November 2020;5;15;22;29;31;42;35;R4,520,061.90;Won
2020;Saturday;7 November 2020;8;10;18;27;35;41;31;R3,727,171.34;Roll
2020;Wednesday;4 November 2020;3;13;18;20;31;41;1;R2,716,619.01;Roll
2020;Saturday;31 October 2020;9;19;28;29;43;51;26;R1,854,426.94;Roll
2020;Wednesday;28 October 2020;3;4;6;10;18;42;44;R770,068.14;Roll
2020;Saturday;24 October 2020;20;24;33;37;38;49;16;R14,400,541.20;Won
2020;Wednesday;21 October 2020;1;12;28;30;40;48;7;R13,370,850.57;Roll
2020;Saturday;17 October 2020;10;11;14;27;31;50;1;R12,609,676.50;Roll
2020;Wednesday;14 October 2020;5;8;11;15;18;29;40;R11,647,692.71;Roll
2020;Saturday;10 October 2020;12;15;35;44;45;52;18;R10,947,430.88;Roll
2020;Wednesday;7 October 2020;10;14;22;32;44;49;11;R9,889,216.31;Roll
2020;Saturday;3 October 2020;3;7;21;27;30;45;19;R9,008,129.74;Roll
2020;Wednesday;30 September 2020;3;17;31;44;49;50;22;R8,094,141.42;Roll
2020;Saturday;26 September 2020;4;17;18;25;27;45;20;R7,186,114.95;Roll
2020;Wednesday;23 September 2020;3;9;17;39;40;50;12;R6,251,327.45;Roll
2020;Saturday;19 September 2020;2;5;24;32;38;42;52;R5,512,951.33;Roll
2020;Wednesday;16 September 2020;3;9;11;18;38;40;17;R4,502,932.97;Roll
2020;Saturday;12 September 2020;6;14;28;32;34;46;16;R3,826,021.61;Roll
2020;Wednesday;9 September 2020;6;13;22;30;40;51;28;R2,804,116.69;Roll
2020;Saturday;5 September 2020;23;33;35;36;38;42;2;R1,955,146.79;Roll
2020;Wednesday;2 September 2020;18;26;27;43;49;50;25;R879,012.26;Roll
2020;Saturday;29 August 2020;10;13;29;30;42;49;19;R12,668,344.90;Won
2020;Wednesday;26 August 2020;12;15;18;39;44;45;52;R11,562,138.15;Roll
2020;Saturday;22 August 2020;6;9;23;31;41;52;37;R10,690,142.40;Roll
2020;Wednesday;19 August 2020;3;18;23;35;43;47;21;R9,686,157.44;Roll
2020;Saturday;15 August 2020;1;16;22;40;45;48;8;R8,915,202.21;Roll
2020;Wednesday;12 August 2020;3;15;20;24;34;49;8;R7,807,118.62;Roll
2020;Saturday;8 August 2020;3;7;11;25;43;50;24;R7,019,721.47;Roll
2020;Wednesday;5 August 2020;10;12;15;21;34;37;40;R6,009,498.41;Roll
2020;Saturday;1 August 2020;10;18;23;27;34;46;35;R5,086,724.69;Roll
2020;Wednesday;29 July 2020;8;18;38;40;45;46;13;R3,981,898.61;Roll
2020;Saturday;25 July 2020;9;12;13;20;31;37;45;R3,031,739.79;Roll
2020;Wednesday;22 July 2020;10;11;14;28;40;44;51;R1,842,057.40;Roll
2020;Saturday;18 July 2020;20;29;32;38;48;50;46;R1,035,363.61;Roll
2020;Wednesday;15 July 2020;15;18;23;28;46;50;8;R10,860,614.20;Won
2020;Saturday;11 July 2020;14;30;36;39;43;44;37;R10,079,341.86;Roll
2020;Wednesday;8 July 2020;11;22;28;32;35;48;38;R9,037,283.03;Roll
2020;Saturday;4 July 2020;3;7;23;25;27;37;20;R8,226,571.84;Roll
2020;Wednesday;1 July 2020;3;28;33;36;51;52;7;R7,337,084.10;Roll
2020;Saturday;27 June 2020;15;23;26;29;33;50;31;R6,517,225.11;Roll
2020;Wednesday;24 June 2020;10;26;36;43;44;46;51;R5,501,013.05;Roll
2020;Saturday;20 June 2020;16;17;19;38;49;50;2;R4,771,885.42;Roll
2020;Wednesday;17 June 2020;8;14;18;29;34;41;6;R3,936,842.60;Roll
2020;Saturday;13 June 2020;7;10;12;23;33;34;22;R3,306,907.12;Roll
2020;Wednesday;10 June 2020;7;12;17;21;30;47;41;R2,591,704.59;Roll
2020;Saturday;6 June 2020;9;14;15;21;24;38;12;R1,986,050.40;Roll
2020;Wednesday;3 June 2020;4;16;27;38;45;47;36;R1,282,919.27;Roll
2020;Saturday;30 May 2020;1;20;26;36;42;48;11;R735,314;Roll
2020;Wednesday;27 May 2020;4;8;14;20;29;45;1;R311,045.69;Roll
2020;Saturday;23 May 2020;2;6;9;33;34;40;28;R1,081,035.70;Won
2020;Wednesday;20 May 2020;1;11;22;25;34;43;50;R715,366.12;Roll
2020;Saturday;16 May 2020;3;11;21;31;35;39;51;R402,081.80;Roll
2020;Wednesday;13 May 2020;14;20;32;34;44;50;18;R19,424,193.30;Won
2020;Saturday;9 May 2020;8;16;19;26;41;43;13;R19,015,895.82;Roll
2020;Wednesday;6 May 2020;1;5;14;29;35;50;39;R18,570,139.99;Roll
2020;Saturday;2 May 2020;7;10;30;36;41;43;52;R18,170,212.59;Roll
2020;Wednesday;29 April 2020;37;44;47;48;50;52;43;R17,670,121.81;Roll
2020;Saturday;25 April 2020;8;10;18;31;35;36;2;R17,216,675.68;Roll
2020;Wednesday;22 April 2020;5;9;17;29;39;45;24;R16,262,416.64;Roll
2020;Saturday;18 April 2020;4;15;16;20;43;47;45;R15,574,316.31;Roll
2020;Wednesday;15 April 2020;16;18;22;35;38;50;24;R14,730,680.20;Roll
2020;Saturday;11 April 2020;17;22;25;39;43;44;31;R14,042,934.31;Roll
2020;Wednesday;8 April 2020;7;23;27;40;44;50;41;R13,224,247.95;Roll
2020;Saturday;4 April 2020;3;12;20;31;36;52;43;R12,513,264.21;Roll
2020;Wednesday;1 April 2020;1;7;13;23;33;40;25;R11,704,413.32;Roll
2020;Saturday;28 March 2020;7;11;20;21;24;48;17;R11,093,050.38;Roll
2020;Wednesday;25 March 2020;18;19;23;29;33;44;7;R10,551,452.65;Roll
2020;Saturday;21 March 2020;21;25;35;40;42;51;22;R9,867,385.62;Roll
2020;Wednesday;18 March 2020;3;8;34;37;42;50;41;R8,907,853.09;Roll
2020;Saturday;14 March 2020;12;25;26;29;37;51;20;R8,115,501.76;Roll
2020;Wednesday;11 March 2020;5;11;30;39;40;51;2;R6,919,216.90;Roll
2020;Saturday;7 March 2020;8;17;21;34;44;50;47;R6,001,657.71;Roll
2020;Wednesday;4 March 2020;3;8;9;32;33;45;26;R4,842,193.94;Roll
2020;Saturday;29 February 2020;7;16;32;40;47;51;14;R3,889,438.77;Roll
2020;Wednesday;26 February 2020;6;11;12;24;27;50;22;R2,528,243.09;Roll
2020;Saturday;22 February 2020;2;10;17;22;37;44;33;R1,694,742.56;Roll
2020;Wednesday;19 February 2020;12;26;35;40;42;49;17;R806,189.61;Roll
2020;Saturday;15 February 2020;3;11;13;18;39;48;23;R5,208,576.30;Won
2020;Wednesday;12 February 2020;6;17;28;43;46;50;51;R4,282,076.66;Roll
2020;Saturday;8 February 2020;9;10;12;13;22;42;5;R3,438,407.42;Roll
2020;Wednesday;5 February 2020;5;19;26;28;33;42;36;R2,530,053.01;Roll
2020;Saturday;1 February 2020;1;7;8;18;25;38;3;R1,696,889.04;Roll
2020;Wednesday;29 January 2020;17;18;20;34;36;47;8;R785,530.19;Roll
2020;Saturday;25 January 2020;2;4;10;11;16;17;52;R6,398,893.40;Won
2020;Wednesday;22 January 2020;10;14;26;30;40;50;38;R5,496,068.84;Roll
2020;Saturday;18 January 2020;5;6;13;17;47;50;42;R4,769,864.83;Roll
2020;Wednesday;15 January 2020;7;10;17;23;35;37;30;R3,837,967.15;Roll
2020;Saturday;11 January 2020;25;28;31;34;43;44;52;R3,199,394.66;Roll
2020;Wednesday;8 January 2020;2;6;9;23;27;44;15;R2,238,146.91;Roll
2020;Saturday;4 January 2020;1;4;10;21;39;43;6;R1,534,268.49;Roll
2020;Wednesday;1 January 2020;12;23;24;28;43;49;14;R661,896.44;Roll
2019;Saturday;28 December 2019;2;9;11;29;35;39;23;R7,428,316.40;Won
2019;Saturday;21 December 2019;3;21;30;42;46;51;16;R6,219,699.08;Roll
2019;Wednesday;18 December 2019;9;12;18;26;38;50;25;R5,103,807.92;Roll
2019;Saturday;14 December 2019;14;18;21;26;37;39;47;R4,275,598.79;Roll
2019;Wednesday;11 December 2019;26;31;39;44;46;51;18;R2,954,806.33;Roll
2019;Saturday;7 December 2019;2;7;8;29;30;31;26;R1,970,806.34;Roll
2019;Wednesday;4 December 2019;12;20;22;33;38;49;6;R909,936.47;Roll
2019;Saturday;30 November 2019;21;22;26;32;44;50;30;R30,000,000;Won
2019;Wednesday;27 November 2019;18;20;23;28;34;41;47;R28,368,240.43;Roll
2019;Saturday;23 November 2019;1;7;23;28;37;50;34;R27,427,188.33;Roll
2019;Wednesday;20 November 2019;10;12;24;32;37;51;45;R26,371,941.10;Roll
2019;Saturday;16 November 2019;10;13;17;21;30;40;38;R25,531,979.88;Roll
2019;Wednesday;13 November 2019;4;5;29;32;33;40;34;R24,542,999.22;Roll
2019;Saturday;9 November 2019;8;16;34;41;42;52;32;R23,722,408.83;Roll
2019;Wednesday;6 November 2019;1;5;7;18;21;52;22;R22,625,278.35;Roll
2019;Saturday;2 November 2019;3;6;28;43;45;51;25;R21,914,845.81;Roll
2019;Wednesday;30 October 2019;3;4;16;35;49;50;29;R20,747,087.54;Roll
2019;Saturday;26 October 2019;4;21;29;44;45;51;46;R19,897,915.58;Roll
2019;Wednesday;23 October 2019;3;7;12;16;27;46;25;R18,774,413.63;Roll
2019;Saturday;19 October 2019;4;6;26;37;42;50;52;R18,138,821.07;Roll
2019;Wednesday;16 October 2019;6;8;15;19;22;50;13;R17,183,724.63;Roll
2019;Saturday;12 October 2019;18;30;31;32;38;44;10;R16,497,405.10;Roll
2019;Wednesday;9 October 2019;3;22;24;31;49;52;2;R15,496,227.81;Roll
2019;Saturday;5 October 2019;8;10;22;26;38;51;34;R14,527,454.06;Roll
2019;Wednesday;2 October 2019;1;23;24;25;46;47;42;R13,160,032.20;Roll
2019;Saturday;28 September 2019;3;5;18;20;36;38;46;R12,000,000;Roll
2019;Wednesday;25 September 2019;4;10;32;34;42;52;39;R10,660,354.39;Roll
2019;Saturday;21 September 2019;14;27;30;35;43;52;5;R9,767,507.78;Roll
2019;Wednesday;18 September 2019;1;11;18;21;29;49;15;R8,657,014.01;Roll
2019;Saturday;14 September 2019;8;24;26;33;35;46;29;R7,919,332.19;Roll
2019;Wednesday;11 September 2019;1;12;20;24;42;48;38;R6,781,208.20;Roll
2019;Saturday;7 September 2019;3;25;33;34;47;49;15;R5,949,231.42;Roll
2019;Wednesday;4 September 2019;8;12;14;22;43;45;39;R4,896,879.99;Roll
2019;Saturday;31 August 2019;7;9;27;30;35;40;51;R3,976,623.76;Roll
2019;Wednesday;28 August 2019;9;16;26;39;42;45;3;R2,806,483.80;Roll
2019;Saturday;24 August 2019;4;33;34;38;44;48;22;R1,936,796.86;Roll
2019;Wednesday;21 August 2019;2;15;20;28;37;43;24;R804,767.88;Roll
2019;Saturday;17 August 2019;2;13;17;36;44;45;23;R5,896,607.80;Won
2019;Wednesday;14 August 2019;2;4;10;17;32;41;1;R4,784,509.44;Roll
2019;Saturday;10 August 2019;7;24;32;35;42;46;21;R4,029,855.02;Roll
2019;Wednesday;7 August 2019;16;29;31;47;48;50;52;R2,983,020.23;Roll
2019;Saturday;3 August 2019;8;12;32;35;37;43;21;R2,042,349.06;Roll
2019;Wednesday;31 July 2019;14;15;16;18;20;35;42;R867,770.35;Roll
2019;Saturday;27 July 2019;2;7;21;33;43;51;44;R10,179,291.30;Won
2019;Wednesday;24 July 2019;12;15;20;29;37;38;30;R8,732,690.78;Roll
2019;Saturday;20 July 2019;4;26;30;47;49;50;44;R7,716,906.69;Roll
2019;Wednesday;17 July 2019;18;22;32;38;47;50;41;R6,452,222.67;Roll
2019;Saturday;13 July 2019;15;17;25;40;42;50;3;R5,422,610.89;Roll
2019;Wednesday;10 July 2019;5;7;20;27;38;45;1;R4,688,453.56;Roll
2019;Saturday;6 July 2019;5;8;13;32;33;47;12;R3,910,945.55;Roll
2019;Wednesday;3 July 2019;3;5;23;28;34;41;21;R2,836,545.45;Roll
2019;Saturday;29 June 2019;11;19;20;32;37;41;39;R1,966,851.23;Roll
2019;Wednesday;26 June 2019;9;21;32;38;45;50;42;R870,153.36;Roll
2019;Saturday;22 June 2019;5;9;12;21;28;35;17;R849,114.30;Won
2019;Wednesday;19 June 2019;3;21;23;36;40;51;48;R6,243,975.70;Won
2019;Saturday;15 June 2019;13;28;35;47;51;52;12;R5,513,079.20;Roll
2019;Wednesday;12 June 2019;25;33;37;41;44;46;20;R4,447,394.95;Roll
2019;Saturday;8 June 2019;13;16;23;28;32;43;6;R3,666,002.70;Roll
2019;Wednesday;5 June 2019;6;11;20;25;26;48;37;R2,708,455.01;Roll
2019;Saturday;1 June 2019;12;19;38;41;43;51;37;R1,928,319.52;Roll
2019;Wednesday;29 May 2019;2;19;28;37;41;43;18;R784,367.53;Roll
2019;Saturday;25 May 2019;9;10;11;15;22;29;34;R4,685,013.20;Won
2019;Wednesday;22 May 2019;9;19;21;26;28;44;24;R3,807,800.25;Roll
2019;Saturday;18 May 2019;7;10;25;31;34;45;40;R3,183,485.42;Roll
2019;Wednesday;15 May 2019;14;19;26;31;34;45;1;R2,254,751.19;Roll
2019;Saturday;11 May 2019;7;11;15;16;20;33;18;R1,485,128.25;Roll
2019;Wednesday;8 May 2019;6;8;20;41;49;51;52;R769,846.21;Roll
2019;Saturday;4 May 2019;4;11;16;17;38;52;36;R1,334,024.60;Won
2019;Wednesday;1 May 2019;13;21;24;29;40;48;46;R18,303,544.60;Won
2019;Saturday;27 April 2019;1;7;24;32;37;46;40;R17,098,798.32;Roll
2019;Wednesday;24 April 2019;2;7;10;15;19;30;21;R15,797,332.97;Roll
2019;Saturday;20 April 2019;19;20;39;42;49;50;12;R15,097,799.89;Roll
2019;Wednesday;17 April 2019;3;8;19;23;38;45;16;R14,096,372.18;Roll
2019;Saturday;13 April 2019;11;21;32;39;47;48;26;R13,209,874.30;Roll
2019;Wednesday;10 April 2019;11;31;36;38;40;51;5;R12,061,355.69;Roll
2019;Saturday;6 April 2019;9;24;31;33;36;52;49;R11,127,961.43;Roll
2019;Wednesday;3 April 2019;5;15;23;35;37;46;38;R9,975,897.78;Roll
2019;Saturday;30 March 2019;3;30;39;44;45;50;37;R8,950,023.81;Roll
2019;Wednesday;27 March 2019;3;34;37;40;44;46;33;R7,741,299.85;Roll
2019;Saturday;23 March 2019;23;24;26;28;30;32;50;R6,796,277.39;Roll
2019;Wednesday;20 March 2019;11;12;16;34;46;51;20;R5,782,024.34;Roll
2019;Saturday;16 March 2019;7;13;17;30;44;48;23;R4,987,171.41;Roll
2019;Wednesday;13 March 2019;8;14;23;31;33;45;35;R4,010,159.48;Roll
2019;Saturday;9 March 2019;11;14;15;24;50;51;1;R3,168,687.09;Roll
2019;Wednesday;6 March 2019;3;5;11;15;18;32;13;R1,970,910.27;Roll
2019;Saturday;2 March 2019;4;18;18;25;34;36;14;R1,156,239.99;Roll
2019;Wednesday;27 February 2019;4;9;14;17;25;27;20;R849,264.80;Won
2019;Saturday;23 February 2019;1;3;4;18;19;33;34;R970,180.20;Won
2019;Wednesday;20 February 2019;2;8;24;27;40;50;46;R2,182,306.80;Won
2019;Saturday;16 February 2019;1;7;8;22;23;37;43;R1,207,069.02;Roll
2019;Wednesday;13 February 2019;11;18;20;24;37;45;27;R10,294,820.70;Won
2019;Saturday;9 February 2019;1;4;15;36;47;48;50;R9,399,432.06;Roll
2019;Wednesday;6 February 2019;15;21;32;35;48;52;5;R7,975,555.92;Roll
2019;Saturday;2 February 2019;8;12;28;39;42;48;45;R6,826,012.42;Roll
2019;Wednesday;30 January 2019;14;15;23;26;34;45;21;R5,294,663.55;Roll
2019;Saturday;26 January 2019;2;24;36;38;43;51;8;R4,253,534.86;Roll
2019;Wednesday;23 January 2019;12;20;29;31;35;38;48;R2,856,960.35;Roll
2019;Saturday;19 January 2019;6;7;11;45;48;49;12;R1,984,217.30;Roll
2019;Wednesday;16 January 2019;2;3;12;35;45;48;22;R889,292.95;Roll
2019;Saturday;12 January 2019;16;22;27;43;47;51;25;R14,035,277.20;Won
2019;Wednesday;9 January 2019;1;12;19;33;44;48;25;R12,879,818.22;Roll
2019;Saturday;5 January 2019;12;15;16;21;45;51;50;R12,051,069.81;Roll
2019;Wednesday;2 January 2019;1;22;28;41;46;47;45;R10,915,751.51;Roll
2018;Saturday;29 December 2018;5;8;17;21;33;47;40;R10,033,781.16;Roll
2018;Wednesday;26 December 2018;5;13;28;33;38;42;30;R8,933,127.51;Roll
2018;Saturday;22 December 2018;8;9;15;18;42;45;11;R8,296,486.88;Roll
2018;Wednesday;19 December 2018;15;18;20;23;44;45;36;R7,241,934.61;Roll
2018;Saturday;15 December 2018;3;25;26;27;40;43;47;R6,372,930.71;Roll
2018;Wednesday;12 December 2018;10;11;27;33;41;42;26;R5,203,127.96;Roll
2018;Saturday;8 December 2018;1;4;10;27;46;49;31;R4,374,768.44;Roll
2018;Wednesday;5 December 2018;15;20;35;38;40;50;34;R3,186,488.56;Roll
2018;Saturday;1 December 2018;4;9;15;33;36;45;28;R2,197,831.86;Roll
2018;Wednesday;28 November 2018;8;9;11;14;16;46;34;R957,460.94;Roll
2018;Saturday;24 November 2018;5;12;14;16;24;47;3;R1,321,044.80;Won
2018;Wednesday;21 November 2018;5;6;16;18;24;34;46;R3,298,288.70;Won
2018;Saturday;17 November 2018;11;13;16;24;41;49;44;R2,330,268.84;Roll
2018;Wednesday;14 November 2018;19;29;45;48;50;51;3;R1,069,933.48;Roll
2018;Saturday;10 November 2018;31;35;43;44;48;51;45;R2,635,181.90;Won
2018;Wednesday;7 November 2018;8;15;32;33;35;42;47;R1,163,188.34;Roll
2018;Saturday;3 November 2018;3;28;29;33;43;48;47;R4,997,780.80;Won
2018;Wednesday;31 October 2018;14;15;22;29;34;45;37;R3,509,620.95;Roll
2018;Saturday;27 October 2018;2;4;20;22;28;49;52;R2,406,914.21;Roll
2018;Wednesday;24 October 2018;12;25;26;31;37;51;5;R1,156,204.31;Roll
2018;Saturday;20 October 2018;9;13;23;26;47;51;22;R15,125,986.60;Won
2018;Wednesday;17 October 2018;9;22;31;36;45;49;8;R13,634,860.79;Roll
2018;Saturday;13 October 2018;5;7;11;12;24;40;36;R12,369,921.05;Roll
2018;Wednesday;10 October 2018;5;9;22;38;40;43;42;R11,182,369.26;Roll
2018;Saturday;6 October 2018;1;20;33;34;50;51;10;R10,028,791.80;Roll
2018;Wednesday;3 October 2018;16;22;34;36;41;52;39;R8,610,762.22;Roll
2018;Saturday;29 September 2018;8;13;18;21;33;39;28;R7,364,300.94;Roll
2018;Wednesday;26 September 2018;6;24;30;31;37;48;41;R6,199,150.26;Roll
2018;Saturday;22 September 2018;28;31;38;39;48;51;49;R5,295,309.46;Roll
2018;Wednesday;19 September 2018;12;25;26;45;47;49;14;R4,153,953.80;Roll
2018;Saturday;15 September 2018;18;25;30;38;41;52;50;R3,231,364.91;Roll
2018;Wednesday;12 September 2018;5;8;10;34;46;49;38;R1,977,437.91;Roll
2018;Saturday;8 September 2018;1;10;18;31;36;52;21;R1,101,864.66;Roll
2018;Wednesday;5 September 2018;16;28;36;41;48;49;6;R8,545,852.50;Won
2018;Saturday;1 September 2018;13;14;16;26;27;42;43;R7,544,660.60;Roll
2018;Wednesday;29 August 2018;1;31;32;41;42;47;38;R6,243,758.38;Roll
2018;Saturday;25 August 2018;12;36;37;39;42;50;28;R5,222,707.41;Roll
2018;Wednesday;22 August 2018;6;11;17;19;33;44;35;R3,968,907.61;Roll
2018;Saturday;18 August 2018;2;28;30;31;33;40;42;R3,202,796.59;Roll
2018;Wednesday;15 August 2018;9;16;23;24;26;46;14;R2,010,172.70;Roll
2018;Saturday;11 August 2018;6;11;14;40;46;52;17;R1,113,840.01;Roll
2018;Wednesday;8 August 2018;7;17;30;36;40;50;35;R5,971,363;Won
2018;Saturday;4 August 2018;2;12;20;26;28;47;5;R5,038,935.95;Roll
2018;Wednesday;1 August 2018;9;13;23;25;26;45;44;R3,635,054.73;Roll
2018;Saturday;28 July 2018;9;13;29;40;47;48;3;R2,456,261.85;Roll
2018;Wednesday;25 July 2018;16;20;32;33;42;52;38;R1,033,956.50;Roll
2018;Saturday;21 July 2018;1;3;11;22;33;40;38;R2,112,575.30;Won
2018;Wednesday;18 July 2018;5;17;21;27;32;49;10;R970,198.76;Roll
2018;Saturday;14 July 2018;12;18;25;29;32;48;3;R35,764,015.80;Won
2018;Wednesday;11 July 2018;8;27;28;39;42;46;11;R34,356,321.20;Roll
2018;Saturday;7 July 2018;17;27;36;37;41;50;19;R33,216,654.91;Roll
2018;Wednesday;4 July 2018;13;23;24;25;33;34;37;R31,810,485.41;Roll
2018;Saturday;30 June 2018;4;6;9;11;18;41;1;R30,715,298.05;Roll
2018;Wednesday;27 June 2018;1;10;18;19;21;33;39;R29,465,412.30;Roll
2018;Saturday;23 June 2018;20;29;38;44;48;50;17;R28,596,411.05;Roll
2018;Wednesday;20 June 2018;4;11;12;16;23;37;21;R27,428,852.85;Roll
2018;Saturday;16 June 2018;9;15;16;20;26;28;45;R26,729,886.20;Roll
2018;Wednesday;13 June 2018;15;24;29;34;36;40;16;R25,720,507.82;Roll
2018;Saturday;9 June 2018;8;18;23;30;41;52;11;R24,837,831.25;Roll
2018;Wednesday;6 June 2018;1;5;13;18;36;45;2;R23,656,441.38;Roll
2018;Saturday;2 June 2018;19;26;33;38;41;42;9;R22,786,533.82;Roll
2018;Wednesday;30 May 2018;2;6;16;28;35;47;1;R21,479,858.57;Roll
2018;Saturday;26 May 2018;4;9;17;26;32;39;28;R20,493,149.62;Roll
2018;Wednesday;23 May 2018;20;23;28;31;45;51;9;R19,243,957.51;Roll
2018;Saturday;19 May 2018;6;9;30;36;38;44;11;R18,370,963.38;Roll
2018;Wednesday;16 May 2018;8;27;35;43;44;50;11;R17,281,138.29;Roll
2018;Saturday;12 May 2018;1;4;22;27;28;38;50;R16,358,730.26;Roll
2018;Wednesday;9 May 2018;5;8;10;13;22;40;1;R14,989,619.69;Roll
2018;Saturday;5 May 2018;6;9;13;36;39;46;32;R13,989,797.88;Roll
2018;Wednesday;2 May 2018;3;6;18;24;29;35;46;R12,477,067.90;Roll
2018;Saturday;28 April 2018;5;6;14;16;26;40;28;R11,579,977.31;Roll
2018;Wednesday;25 April 2018;7;13;14;30;34;46;24;R10,459,697.76;Roll
2018;Saturday;21 April 2018;1;3;9;13;17;37;16;R9,580,974.32;Roll
2018;Wednesday;18 April 2018;3;7;15;16;44;52;43;R8,723,522.44;Roll
2018;Saturday;14 April 2018;18;26;30;34;41;43;6;R8,022,578.89;Roll
2018;Wednesday;11 April 2018;2;11;20;38;40;51;30;R7,035,828.86;Roll
2018;Saturday;7 April 2018;2;7;37;40;48;49;34;R6,313,447.47;Roll
2018;Wednesday;4 April 2018;13;18;20;22;41;47;51;R5,331,317.06;Roll
2018;Saturday;31 March 2018;4;17;25;30;44;50;32;R4,513,951.72;Roll
2018;Wednesday;28 March 2018;2;9;37;38;46;49;13;R3,519,162.92;Roll
2018;Saturday;24 March 2018;3;9;29;31;34;50;51;R2,729,483.46;Roll
2018;Wednesday;21 March 2018;2;7;8;13;31;49;21;R1,517,849.80;Roll
2018;Saturday;17 March 2018;3;8;21;32;36;39;10;R938,322.62;Roll
2018;Wednesday;14 March 2018;5;11;21;32;43;45;44;R17,229,370.50;Roll
2018;Saturday;10 March 2018;24;26;35;38;39;41;19;R16,454,625.14;Roll
2018;Wednesday;7 March 2018;3;8;13;24;26;30;12;R15,422,373.29;Roll
2018;Saturday;3 March 2018;3;7;11;18;34;45;2;R14,673,008.28;Roll
2018;Wednesday;28 February 2018;13;14;35;36;45;48;25;R13,709,610.05;Roll
2018;Saturday;24 February 2018;2;6;16;21;22;23;29;R12,727,471.69;Roll
2018;Wednesday;21 February 2018;4;15;21;28;39;48;33;R11,677,140.88;Roll
2018;Saturday;17 February 2018;18;20;28;32;44;46;29;R10,952,188.32;Roll
2018;Wednesday;14 February 2018;5;16;20;36;37;40;35;R9,894,394.45;Roll
2018;Saturday;10 February 2018;2;4;18;21;42;51;49;R9,151,852.53;Roll
2018;Wednesday;7 February 2018;3;7;22;24;28;51;35;R8,024,056.91;Roll
2018;Saturday;3 February 2018;8;16;23;29;33;40;38;R7,185,416.05;Roll
2018;Wednesday;31 January 2018;12;15;22;35;46;51;14;R5,930,228.31;Roll
2018;Saturday;27 January 2018;12;13;24;34;46;52;3;R4,870,882.86;Roll
2018;Wednesday;24 January 2018;2;7;18;33;36;46;52;R1,858,647.07;Roll
2018;Saturday;20 January 2018;6;11;24;31;36;38;47;R8,960,388;Won
2018;Wednesday;17 January 2018;15;19;29;31;34;35;48;R7,344,916.88;Roll
2018;Saturday;13 January 2018;14;24;35;36;46;50;19;R6,181,279.35;Roll
2018;Wednesday;10 January 2018;17;30;35;39;50;51;28;R4,703,027.86;Roll
2018;Saturday;6 January 2018;3;9;22;27;33;49;14;R3,486,094.86;Roll
2018;Wednesday;3 January 2018;23;24;40;46;48;50;22;R2,408,001.33;Roll
2017;Saturday;30 December 2017;1;4;37;38;41;44;20;R1,309,935.40;Roll
2017;Wednesday;27 December 2017;9;10;22;36;37;40;11;R11,311,282.50;Won
2017;Saturday;23 December 2017;2;9;13;17;42;46;43;R10,502,638.96;Roll
2017;Wednesday;20 December 2017;7;24;29;30;44;49;50;R8,987,573.01;Roll
2017;Saturday;16 December 2017;7;12;28;33;46;49;18;R8,236,176.11;Roll
2017;Wednesday;13 December 2017;10;15;28;30;32;42;24;R7,258,622.25;Roll
2017;Saturday;9 December 2017;2;3;19;29;42;52;1;R6,510,284.11;Roll
2017;Wednesday;6 December 2017;15;21;25;38;40;44;27;R5,594,378.53;Roll
2017;Saturday;2 December 2017;12;22;25;31;35;47;6;R4,816,455.79;Roll
2017;Wednesday;29 November 2017;11;18;19;25;33;44;6;R3,793,509.41;Roll
2017;Saturday;25 November 2017;12;13;28;32;35;40;6;R3,162,630.54;Roll
2017;Wednesday;22 November 2017;11;28;31;44;46;47;26;R2,189,288.19;Roll
2017;Saturday;18 November 2017;17;18;19;24;32;50;38;R1,525,732.82;Roll
2017;Wednesday;15 November 2017;2;8;16;28;34;50;46;R697,490.56;Roll
2017;Saturday;11 November 2017;1;2;3;21;29;37;23;R1,637,596;Won
2017;Wednesday;8 November 2017;11;25;26;38;41;43;44;R770,879.01;Roll
2017;Saturday;4 November 2017;2;16;22;32;36;50;28;R2,411,693.50;Won
2017;Wednesday;1 November 2017;8;24;33;38;42;44;52;R1,091,123.61;Roll
2017;Saturday;28 October 2017;11;16;23;39;48;49;6;R5,449,722.30;Won
2017;Wednesday;25 October 2017;6;7;19;24;33;50;13;R4,219,675.80;Roll
2017;Saturday;21 October 2017;9;15;26;31;32;40;10;R3,301,552.16;Roll
2017;Wednesday;18 October 2017;16;26;34;38;41;49;8;R2,157,544.51;Roll
2017;Saturday;14 October 2017;2;20;21;44;51;52;42;R700,000;Roll
2017;Wednesday;11 October 2017;5;9;17;21;42;49;16;R8,763,163.80;Won
2017;Saturday;7 October 2017;10;14;22;31;40;43;33;R7,600,000;Roll
2017;Wednesday;4 October 2017;15;20;22;26;31;50;17;R6,600,000;Roll
2017;Saturday;30 September 2017;18;20;24;25;26;37;41;R5,700,000;Roll
2017;Wednesday;27 September 2017;6;17;31;45;46;51;13;R4,700,000;Roll
2017;Saturday;23 September 2017;1;11;24;30;46;48;50;R4,000,000;Roll
2017;Wednesday;20 September 2017;12;15;24;27;28;33;9;R3,200,000;Roll
2017;Saturday;16 September 2017;16;17;20;27;36;43;31;R2,300,000;Roll
2017;Wednesday;13 September 2017;1;10;27;35;42;49;44;R1,500,000;Roll
2017;Saturday;9 September 2017;9;11;19;23;26;51;8;R700,000;Roll
2017;Wednesday;6 September 2017;7;19;27;30;48;52;11;R10,796,805.97;Won
2017;Saturday;2 September 2017;5;12;26;28;38;43;11;R10,000,000;Roll
2017;Wednesday;30 August 2017;8;20;26;27;39;46;43;R700,000;Roll
2017;Saturday;26 August 2017;4;11;14;16;22;46;18;R5,949,006.90;Won
2017;Wednesday;23 August 2017;3;14;20;38;39;48;6;R5,000,000;Roll
2017;Saturday;19 August 2017;7;8;22;29;44;47;15;R4,000,000;Roll
2017;Wednesday;16 August 2017;13;16;17;23;24;47;40;R3,500,000;Roll
2017;Saturday;12 August 2017;6;15;24;38;39;44;50;R2,700,000;Roll
2017;Wednesday;9 August 2017;18;27;28;39;40;47;50;R2,000,000;Roll
2017;Saturday;5 August 2017;11;19;24;35;46;47;10;R1,300,000;Roll
2017;Wednesday;2 August 2017;1;10;22;26;41;49;20;R1,000,000;Roll
